anchor_id,name_ru,definition
baptism,Крещение,Ritual/initiation corresponding to baptism
temptation,Искушение,Temptation/test by adversarial supernatural or moral agent
disciples,Ученики,Stable follower/learner group structurally linked to protagonist
healings,Исцеления,Healing/exorcism complex
cana,Кана / вода-вино,Water-wine transformation or frozen inversion rule
judas,Иуда / предатель,Close-circle betrayal complex
last_supper,Тайная вечеря,Final meal with close followers before decisive death event
passion,Страсти,Arrest/judgment/suffering/death complex
resurrection,Воскресение,Death/presumed-death followed by return/appearance alive
